,Name,Term,ES,NES,NOM p-val,FDR q-val,FWER p-val,Tag %,Gene %,Lead_genes
0,prerank,E2F Targets,0.5734867642907572,2.6113209927508234,0.0,0.0,0.0,130/191,27.58%,AURKB;KIF4A;CDC25A;CENPE;LMNB1;GINS1;ORC6;AURKA;KIF22;KIF2C;HMGA1;PRPS1;UBE2T;ASF1B;CDKN2A;RFC3;CDK1;MYBL2;TOP2A;TRIP13;MAD2L1;LIG1;USP1;NME1;DCTPP1;TCF19;DIAPH3;MELK;CTPS1;UBR7;DCK;SPAG5;CCNB2;MCM5;UBE2S;MKI67;PLK1;ESPL1;RAD51AP1;TACC3;DCLRE1B;XPO1;TUBB;BUB1B;CKS2;TUBG1;LYAR;RFC2;MCM3;KPNA2;TIMELESS;EXOSC8;ATAD2;SPC24;SRSF1;RFC1;SHMT1;TMPO;CDKN3;POLA2;RRM2;HNRNPD;RNASEH2A;SUV39H1;POLD3;EED;CHEK2;PA2G4;POLE;DNMT1;CENPM;MMS22L;CKS1B;EZH2;CDC20;NUP205;RACGAP1;LBR;ZW10;CBX5;BRCA1;CCNE1;NOLC1;AK2;DEPDC1;ORC2;SNRPB;SMC1A;BIRC5;GINS4;SMC6;NUDT21;HELLS;SMC4;CDCA8;PHF5A;DLGAP5;CDCA3;WDR90;RPA1;DONSON;MSH2;CSE1L;CTCF;SSRP1;TIPIN;HMGB3;POLD2;ANP32E;PLK4;SRSF2;MCM7;NBN;POP7;TRA2B;NOP56;MCM6;SYNCRIP;TK1;XRCC6;CCP110;NASP;NUP153;ILF3;SLBP;PCNA;GINS3;TBRG4;RAD51C;PSMC3IP
1,prerank,G2-M Checkpoint,0.5303688144010886,2.4411958815991337,0.0,0.0,0.0,87/186,18.08%,MT2A;CDC7;AURKB;CCNF;RAD54L;KIF4A;CDC25A;CENPE;LMNB1;ORC6;AURKA;KIF22;KIF2C;HMGA1;E2F1;TRAIP;POLQ;UBE2C;DBF4;EXO1;NEK2;SMC2;STIL;CDK1;MYBL2;TGFB1;TOP2A;CDC6;MAD2L1;KIF11;TPX2;CCND1;INCENP;CDC45;CENPA;SLC7A1;CCNB2;TTK;MCM5;UBE2S;MKI67;FBXO5;ORC5;PLK1;RBL1;ESPL1;TACC3;XPO1;CKS2;MCM3;KPNA2;PRC1;PRMT5;FANCC;SRSF1;TMPO;GINS2;CDKN3;POLA2;HNRNPD;SUV39H1;SLC12A2;NUP50;POLE;CKS1B;EZH2;CDC20;SNRPD1;CENPF;RACGAP1;LBR;BUB1;NUSAP1;TROAP;HSPA8;CHAF1A;G3BP1;NOLC1;HIRA;AMD1;CCNA2;CDC27;SMC1A;BIRC5;PURA;MNAT1;SMC4
2,prerank,Interferon Gamma Response,-0.6679425238529204,-2.3327018864894677,0.0,0.0,0.0,73/148,14.88%,C1R;VCAM1;ICAM1;CASP1;C1S;SERPING1;SECTM1;IFIT3;PIM1;CCL2;IFIT2;EPSTI1;OAS3;CFB;APOL6;IFIT1;PSMB9;IL6;BST2;IRF1;TXNIP;PARP14;IFI27;MX1;IL15;SOCS3;DHX58;IFITM3;ISG20;GCH1;STAT4;UBE2L6;IFI35;STAT2;GBP4;LGALS3BP;STAT1;DDX60;PSME1;HLA-B;PLSCR1;SSPN;IFITM2;NMI;HERC6;ARID5B;IL15RA;TNFAIP6;VAMP5;LATS2;CD40;SOD2;IRF2;PSMB8;NFKBIA;B2M;VAMP8;HLA-A;PML;RNF213;PARP12;MTHFD2;HLA-DMA;LY6E;NAMPT;TNFAIP2;BTG1;FGL2;TRIM25;XAF1;STAT3;SAMHD1;NOD1
3,prerank,Interferon Alpha Response,-0.7235673419306321,-2.3216590309303027,0.0,0.0,0.0,40/77,14.19%,CASP1;TMEM140;C1S;IFIT3;IFIT2;EPSTI1;PSMB9;BST2;IRF1;TXNIP;CSF1;PARP14;IFI27;MX1;IL15;DHX58;IFITM3;IFITM1;ISG20;UBE2L6;IFI35;STAT2;GBP4;LGALS3BP;DDX60;PSME1;GBP2;PLSCR1;IFITM2;NMI;HERC6;GMPR;UBA7;IRF2;PSMB8;B2M;PARP12;LY6E;NCOA7;TRIM25
4,prerank,Myc Targets V1,0.4560856409482258,2.1075451333466098,0.0,0.0,0.0,115/194,32.54%,PSMA6;MAD2L1;CDK2;USP1;NME1;CDC45;PSMA4;HNRNPA3;CTPS1;SNRPA1;PSMD14;MCM5;SRM;EIF4E;RRM1;ABCE1;SRPK1;XPO1;POLE3;PSMC4;CSTF2;KPNA2;YWHAQ;RRP9;CANX;HSP90AB1;SRSF1;HNRNPD;PSMB2;CCT5;LSM7;DDX21;RPL14;PA2G4;RPL22;CDC20;HNRNPA2B1;SNRPD1;NOP16;PSMD1;UBE2L3;CYC1;ERH;HDGF;SSBP1;PPIA;PSMA7;ACP1;G3BP1;TYMS;NOLC1;CCNA2;ORC2;DHX15;PSMD3;TARDBP;NCBP1;MRPL9;PSMC6;AIMP2;VDAC3;HPRT1;C1QBP;PPM1G;CCT7;EIF4G2;SNRPA;PSMB3;POLD2;DDX18;ODC1;SRSF2;SF3B3;RNPS1;YWHAE;TXNL4A;MCM7;TRA2B;NOP56;MCM6;ILF2;SYNCRIP;PRPS2;PCBP1;XRCC6;CAD;CCT2;HSPD1;PCNA;FBL;SRSF7;PTGES3;SF3A1;RPL34;CCT4;SMARCC1;BUB3;EIF1AX;NDUFAB1;MCM4;MYC;U2AF1;CCT3;RAN;AP3S1;GOT2;PWP1;LSM2;HSPE1;EIF4A1;GSPT1;TCP1;RANBP1;RUVBL2;VBP1
5,prerank,IL-6/JAK/STAT3 Signaling,-0.6829693247823514,-2.0803437187542393,0.0,0.0002793875824193368,0.001,19/54,8.72%,PLA2G2A;A2M;IL1B;PIM1;CXCL1;IL1R1;MAP3K8;IL6;IL6ST;IRF1;CSF1;LEPR;SOCS3;STAT2;STAT1;CD36;OSMR;IL15RA;CD14
6,prerank,Inflammatory Response,-0.5760223581331926,-1.9584063891645147,0.0,0.0002095406868145026,0.001,38/109,9.72%,TNFSF15;BEST1;ICAM1;IL1B;ABCA1;CCL2;IL18;CXCL6;IL1R1;RASGRP1;TLR3;ADM;IL1A;IL6;CD82;PTPRE;BST2;ITGB8;IRF1;CSF1;IL15;KCNJ2;IFITM1;GCH1;OSMR;ADORA2B;OLR1;PCDH7;NMI;CD55;IL15RA;AHR;TNFAIP6;CD40;BTG2;CD14;NFKBIA;ACVR2A
7,prerank,Angiogenesis,-0.673820065348281,-1.8969634831185718,0.0,0.00016763254945160208,0.001,11/30,9.15%,VTN;SLCO2A1;CXCL6;COL3A1;POSTN;JAG2;LUM;JAG1;VEGFA;OLR1;FGFR1
8,prerank,Myc Targets V2,0.49330764967813223,1.8318113154710478,0.0,0.0027299199223489445,0.006,35/57,29.15%,SLC19A1;DCTPP1;TCOF1;MCM5;SRM;PLK1;NOP2;RRP12;RRP9;NDUFAF4;PA2G4;WDR74;NOP16;NIP7;RABEPK;NOLC1;BYSL;GRWD1;IPO4;LAS1L;NOC4L;PPRC1;AIMP2;IMP4;TFB2M;MRTO4;DDX18;PLK4;NOP56;MYBBP1A;HSPD1;TBRG4;FARSA;MCM4;MYC
9,prerank,TNF-alpha Signaling via NF-kB,-0.5131862557315999,-1.8141339803211936,0.0,0.000698468956048342,0.005,53/164,8.93%,CXCL2;FOS;ICAM1;IL1B;ATF3;ABCA1;CXCL1;CCL2;IL18;IFIT2;CXCL6;MAP3K8;CEBPD;IL1A;IL6;IL6ST;TNFAIP8;PTPRE;KLF9;IRF1;EGR1;PTX3;LITAF;NR4A3;CSF1;STAT5A;TNC;BCL3;MSC;SOCS3;BIRC3;JUNB;GCH1;ZC3H12A;DRAM1;TGIF1;SMAD3;JAG1;HES1;FOSB;VEGFA;CCNL1;IRS2;OLR1;IL15RA;FOSL2;CEBPB;TNFAIP6;BTG2;DUSP2;ZFP36;SOD2;BCL6
10,prerank,Complement,-0.5069157152674197,-1.7405799442699952,0.0,0.0031131759183868958,0.026,27/125,9.55%,C3;C1R;CASP1;C1S;SERPING1;PIM1;CXCL1;CFB;PSMB9;RASGRP1;IL6;IRF1;F10;CASP10;LIPA;CD36;APOBEC3G;PLSCR1;CTSO;OLR1;CD55;CEBPB;CPQ;DPP4;LGALS3;CTSS;IRF2
11,prerank,Allograft Rejection,-0.5141017240626956,-1.7224462927164073,0.0,0.003771732362661047,0.036,27/94,14.73%,CCL13;CD7;ICAM1;IL1B;CCL2;IL18;TLR3;IL6;ITGB2;CSF1;BCL3;IL15;STAT4;STAT1;GBP2;INHBB;CD40;CTSS;ACVR2A;B2M;SRGN;HLA-E;HLA-A;GCNT1;HLA-DMA;TIMP1;F2R
12,prerank,TGF-beta Signaling,0.42228094334649396,1.601770449787969,0.00816326530612245,0.019291434117932542,0.053,12/51,8.17%,BMP2;SLC20A1;APC;PMEPA1;LTBP2;BCAR3;SERPINE1;TGFB1;SMURF2;SMAD7;HIPK2;TJP1
13,prerank,Coagulation,-0.4860483097518647,-1.5850384824149815,0.0062266500622665,0.019650259963493358,0.188,17/81,9.26%,C3;C1R;A2M;C1S;SERPING1;CFB;CFD;MMP11;F10;SH2B2;MST1;PROS1;CTSO;OLR1;CPQ;DPP4;CTSK
14,prerank,Mitotic Spindle,0.3477934970317394,1.5766806505992035,0.0,0.01941276389225916,0.063,61/186,20.41%,KIF4A;SHROOM2;PALLD;CENPE;LMNB1;AURKA;KIF22;KIF2C;APC;SSH2;NET1;NEK2;CDK1;TOP2A;KIF11;TPX2;INCENP;ECT2;DOCK4;CCNB2;FSCN1;TTK;CENPJ;FGD4;KNTC1;FBXO5;PLK1;PDLIM5;ESPL1;DOCK2;OPHN1;PRC1;PXN;ANLN;TUBGCP3;RFC1;EZR;GEMIN4;STK38L;SHROOM1;TUBGCP5;ARHGDIA;CENPF;RACGAP1;ARHGAP10;RASA1;BUB1;NUSAP1;WASF2;CDC27;SMC1A;BIRC5;KLC1;SMC4;ARFIP2;CNTRL;KIF15;ABI1;DLGAP5;SAC3D1;NIN
15,prerank,Hypoxia,-0.4438794947018914,-1.5475841055323294,0.003436426116838488,0.028246084582594953,0.278,56/146,21.45%,FOS;SLC2A5;ATF3;TGFB3;PIM1;DDIT4;SELENBP1;ADM;IL6;SLC6A6;ISG20;MXI1;DTNA;VEGFA;IRS2;BCL2;GAA;ADORA2B;NEDD4L;FOSL2;PPFIA4;KLHL24;ZFP36;ZNF292;AKAP12;DCN;IGFBP1;BNIP3L;AK4;CITED2;IER3;NDRG1;LXN;MAP3K1;ALDOA;BTG1;SLC2A3;P4HA1;HK2;AMPD3;CDKN1B;KLF7;CCNG2;SRPX;PGK1;TMEM45A;UGP2;SDC4;HEXA;SDC2;F3;GYS1;SAP30;PGM1;EFNA3;GLRX
16,prerank,Apoptosis,-0.43363476682561564,-1.5144447001587604,0.007990867579908675,0.03786971685338465,0.385,31/136,11.23%,ERBB3;IL1B;CASP1;ATF3;IL18;IL1A;IL6;IRF1;TGFBR3;TXNIP;BMF;IFITM3;HGF;BIRC3;ISG20;GCH1;LUM;PDGFRB;GPX4;CTH;BTG2;SOD2;CD14;KRT18;DCN;LGALS3;WEE1;BNIP3L;RARA;BCL2L11;IER3
17,prerank,Bile Acid Metabolism,-0.46922207946304856,-1.5105788186180817,0.01371571072319202,0.03583145744527995,0.392,19/74,16.15%,ABCA6;ABCA9;ABCA8;ABCA1;ALDH1A1;HSD17B6;DIO2;SLC27A5;PEX11G;EFHC1;CYP27A1;PECR;HSD17B11;ABCA5;PEX1;ATXN1;CAT;SLC22A18;NUDT12
18,prerank,Myogenesis,-0.40926962749821816,-1.4314357656142453,0.026497695852534562,0.07156620380433781,0.654,30/136,12.49%,ERBB3;SORBS3;APOD;COL15A1;SOD3;ITGB4;SH3BGR;CFD;COL3A1;TPD52L1;FHL1;PTGIS;IFRD1;PDE4DIP;DTNA;NAV2;CD36;GAA;SSPN;PPFIA4;KLF5;COL6A2;BDKRB2;TNNC1;MYL3;SVIL;ITGA7;ADCY9;SGCA;DAPK2
19,prerank,PI3K/AKT/mTOR  Signaling,0.339634269972147,1.4220398495582036,0.015228426395939087,0.05563836794120706,0.191,35/87,25.84%,PITX2;CAB39L;CAMK4;E2F1;CDK1;CDK2;RPS6KA1;PPP2R1B;EIF4E;PLCG1;DUSP3;CLTC;MAP2K3;ARHGDIA;MAPK9;SLC2A1;PLA2G12A;PPP1CA;GRB2;RALB;ACTR2;PAK4;ACTR3;YWHAB;PIK3R3;PIN1;UBE2N;PFN1;MAPKAP1;RIT1;ARF1;AP2M1;PRKAR2A;RIPK1;ARPC3
20,prerank,KRAS Signaling Up,0.3227977842735373,1.410326958559796,0.014388489208633094,0.053005945158942004,0.208,29/120,11.19%,BMP2;PLEK2;F2RL1;ITGA2;KCNN4;HBEGF;G0S2;SOX9;TSPAN13;EPHB2;MALL;PTGS2;CAB39L;ETV4;DCBLD2;SPRY2;PRDM1;GALNT3;PLAUR;RABGAP1L;TRIB2;TMEM158;DOCK2;SPP1;CLEC4A;PDCD1LG2;ETV1;MAFB;SCN1B
21,prerank,DNA Repair,0.32010257802380576,1.4094704592145963,0.0,0.04731861198738171,0.209,42/137,20.95%,PNP;PRIM1;RFC3;FEN1;POLR2I;RAD51;LIG1;NME1;ZWINT;ARL6IP1;COX17;RFC5;CDA;TARBP2;RALA;RFC2;CLP1;UPF3B;MPC2;CSTF3;POLA2;TMED2;POLD3;SNAPC4;TAF13;BRF2;ERCC4;DGCR8;ADRM1;TYMS;AAAS;NUDT21;BCAP31;POM121;VPS37B;POLR3C;HPRT1;ALYREF;SAC3D1;ITPA;DAD1;POLR2C
22,prerank,Epithelial Mesenchymal Transition,-0.3872005814906856,-1.3889176848971598,0.023965141612200435,0.09842425403515494,0.783,42/189,10.74%,ECM2;VCAM1;COL5A3;FBLN1;CXCL1;CXCL6;GAS1;IL6;COL3A1;FBLN2;SFRP4;IGFBP2;LAMA1;THBS2;TGFBR3;PTX3;SNTB1;POSTN;SLIT3;LAMA3;TNC;NNMT;FBN2;IL15;IGFBP4;COL12A1;LUM;VEGFA;MXRA5;PDGFRB;TNFRSF11B;BASP1;LOXL2;DCN;LAMC2;COL6A2;ABI3BP;FMOD;MEST;PMP22;PCOLCE;SNAI2
23,prerank,UV Response Up,-0.39251539676891034,-1.345192450514864,0.053117782909930716,0.13416191707776554,0.905,24/126,11.48%,CXCL2;FOS;ICAM1;ATF3;NTRK3;RASGRP1;IL6;IL6ST;IGFBP2;IRF1;PTPRD;JUNB;GCH1;ASNS;MAPK8IP2;FOSB;RRAD;HSPA2;CREG1;BTG2;SOD2;NFKBIA;BCL2L11;EPHX1
24,prerank,Adipogenesis,-0.37321904766559494,-1.3257842056724651,0.042600896860986545,0.14898342832511136,0.939,52/168,26.66%,C3;LEP;ABCA1;COL15A1;ENPP2;LAMA4;STAT5A;CD36;SSPN;PPARG;GPX4;SLC27A1;BCL6;STOM;ALDH2;ITGA7;ACADS;SLC1A5;PDCD4;ALDOA;DBT;CAT;CCNG2;VEGFB;DNAJC15;NDUFA5;CMBL;UQCR11;IFNGR1;AGPAT3;DDT;LPCAT3;COQ5;DGAT1;DHRS7B;PGM1;BCL2L13;NDUFB7;DRAM2;SCARB1;MCCC1;COL4A1;DHRS7;GHITM;PFKL;PHYH;MAP4K3;POR;RIOK3;SCP2;ECH1;ADCY6
25,prerank,p53 Pathway,-0.3605697981661262,-1.2819900271803797,0.06651884700665188,0.19613008285837444,0.977,38/168,14.73%,FGF13;FOS;CASP1;ATF3;ITGB4;DDIT4;VWA5A;IL1A;CD82;PTPRE;TXNIP;TPD52L1;JAG2;NUPR1;DRAM1;RRAD;CTSF;SLC7A11;HSPA4L;INHBB;ANKRA2;BTG2;ABHD4;MKNK2;TRIB3;STOM;VAMP8;CYFIP2;IER3;NDRG1;S100A10;EPHX1;PTPN14;ISCU;NOL8;BTG1;XPC;F2R
26,prerank,Androgen Response,0.31158541495629133,1.2709653291171155,0.09146341463414634,0.11884251395292404,0.472,30/82,18.94%,HOMER2;KRT19;INSIG1;DHCR24;UAP1;PMEPA1;SLC26A2;CCND1;CENPN;CCND3;ELL2;CDK6;BMPR1B;PDLIM5;RRP12;STK39;PA2G4;HMGCR;SCD;GPD1L;ADRM1;DNAJB9;LMAN1;ABCC4;SMS;HMGCS1;GSR;ELOVL5;IDI1;UBE2J1
27,prerank,Pancreas Beta Cells,-0.5404418094990193,-1.2670076727942352,0.18314424635332252,0.20516361468993302,0.983,3/13,10.35%,PCSK1;DPP4;FOXO1
28,prerank,mTORC1 Signaling,0.26852464347734634,1.2574794654371546,0.024096385542168676,0.11713838212260926,0.496,65/186,21.06%,MLLT11;CORO1A;CCNF;GCLC;CDC25A;PNP;INSIG1;AURKA;DHCR24;SDF2L1;TXNRD1;EBP;PSMA4;TOMM40;CYP51A1;PNO1;PSMD14;STC1;PDAP1;PLK1;STIP1;TUBG1;PSMC4;ARPC5L;YKT6;ACLY;RRP9;CANX;MAP2K3;RRM2;EDEM1;BCAT1;NUP205;SLC2A1;HMGCR;HMBS;EEF1E1;SCD;ATP6V1D;BUB1;PSMG1;HSPA4;HSPA5;PPIA;FADS2;ELOVL6;SRD5A1;DHCR7;SSR1;STARD4;HMGCS1;CYB5B;GSR;ELOVL5;ACTR2;IDI1;SEC11A;PSMC6;GLA;HPRT1;PSMB5;HSPA9;SQLE;ACTR3;RPA1
29,prerank,KRAS Signaling Dn,-0.3975653203461199,-1.2564608980757233,0.13695090439276486,0.21002593893133623,0.985,25/64,18.26%,THRB;P2RX6;ATP6V1B1;IGFBP2;MX1;HSD11B2;THNSL2;DTNB;BTG2;IDUA;YPEL1;CAMK1D;FGGY;C5;EPHA5;CLSTN3;TGM1;TENM2;PLAG1;MAST3;NR4A2;PTGFR;MFSD6;MTHFR;PTPRJ
30,prerank,Xenobiotic Metabolism,-0.35949982276355086,-1.2399164168204355,0.11211778029445074,0.2235380046937114,0.994,23/131,12.66%,VTN;FBLN1;CFB;IL1R1;AKR1C3;CYP2E1;PDK4;GSTM4;PTGES;F10;SLC6A6;ABCC3;IGFBP4;GCH1;CD36;PROS1;CYP27A1;CYB5A;IGFBP1;CYFIP2;EPHX1;ALDH2;SLC1A5
31,prerank,Notch Signaling,-0.44770403992796537,-1.2233610004742308,0.20926966292134833,0.2395948081804684,0.997,14/28,26.73%,WNT2;JAG1;HES1;TCF7L2;DTX4;DLL1;FZD5;WNT5A;NOTCH1;NOTCH3;SAP30;ARRB1;PSENEN;FBXW11
32,prerank,Estrogen Response Early,-0.3439733803870374,-1.1970063431832223,0.15688487584650113,0.27286007253917594,1.0,35/146,14.56%,FOS;ELOVL2;HR;KCNK15;DEPTOR;RASGRP1;DHRS3;SEMA3B;IL6ST;ANXA9;TPD52L1;PTGES;SYNGR1;MUC1;IGFBP4;ASB13;HES1;PGR;RHOBTB3;NAV2;BCL2;INHBB;ALDH3B1;KRT18;UGCG;TGIF2;KRT8;RARA;SVIL;ADCY9;GAB2;RPS6KA2;CISH;FOXC1;NRIP1
33,prerank,heme Metabolism,-0.33530973794737967,-1.175996160458772,0.18292682926829268,0.29907833333680395,1.0,40/145,24.47%,C3;SLC6A9;ABCG2;SELENBP1;MOCOS;BCAM;MXI1;ASNS;ANK1;SLC7A11;GYPC;BTG2;BACH1;BMP2K;BNIP3L;ERMAP;NCOA4;DAAM1;EZH1;HEBP1;CCDC28A;ALDH6A1;CAT;MKRN1;RNF123;TRAK2;SDCBP;TFDP2;CTSB;ACP5;RCL1;NFE2L1;LAMP2;LPIN2;TCEA1;UROS;BSG;RBM38;KLF3;SLC22A4
34,prerank,Hedgehog Signaling,-0.4363577296466598,-1.1272045759946665,0.30246913580246915,0.38104973897217304,1.0,5/21,11.69%,L1CAM;VEGFA;PTCH1;AMOT;PML
35,prerank,Glycolysis,0.24619493586037305,1.1184630144147505,0.15384615384615385,0.27466027663188547,0.828,37/156,16.32%,SOX9;MET;TGFA;GCLC;SDC1;EXT2;AURKA;FUT8;PRPS1;GALK2;CDK1;TGFBI;CENPA;KDELR3;SLC25A10;PKM;SLC25A13;PFKP;STC1;CD44;PSMC4;FKBP4;GALE;MDH2;TSTA3;MED24;RPE;CLN6;GMPPB;POLR3K;BPNT1;HSPA5;PPIA;P4HA2;XYLT2;NT5E;DEPDC1
36,prerank,IL-2/STAT5 Signaling,-0.31860641628065095,-1.103208653894713,0.2811791383219955,0.4152593515015087,1.0,33/141,15.45%,PIM1;MAP3K8;DHRS3;FLT3LG;PTH1R;SOCS2;CSF1;NFKBIZ;IFITM3;MUC1;PRKCH;BATF3;GBP4;BCL2;PLSCR1;SMPDL3A;PTCH1;GPX4;AHR;CAPN3;SNX9;PENK;COL6A1;NDRG1;SLC1A5;SWAP70;CISH;CD83;MYO1E;FGL2;SLC2A3;P4HA1;HK2
37,prerank,Apical Surface,-0.39944864243173533,-1.101906514832113,0.326271186440678,0.402318118683845,1.0,12/28,22.80%,GAS1;SULF2;GSTM3;SLC34A3;MDGA1;RTN4RL1;EFNA5;LYN;SRPX;AKAP7;TMEM8B;ADAM10
38,prerank,UV Response Dn,-0.31527068193817676,-1.093835918977948,0.3187066974595843,0.4040875733725008,1.0,41/130,21.83%,EFEMP1;DBP;COL3A1;TGFBR3;IGFBP5;CDON;CACNA1A;SMAD3;ADORA2B;PDGFRB;PPARG;NFIB;ABCC1;TFPI;ACVR2A;ATRX;SCN8A;PMP22;SNAI2;CITED2;INPP4B;GCNT1;LTBP1;MAP2K5;SFMBT1;ATXN1;CDKN1B;SLC22A18;ERBB2;PTGFR;MTA1;LAMC1;FBLN5;SDC2;F3;MGMT;GRK5;IGF1R;ATP2B1;BCKDHB;PHF3
39,prerank,Estrogen Response Late,-0.30939044625069034,-1.0740177997258171,0.3206459054209919,0.4297080798888836,1.0,31/136,15.50%,FOS;HR;SEMA3B;IL6ST;ANXA9;TPD52L1;PTGES;MDK;ISG20;IGFBP4;PLXNB1;PGR;BCL2;ASS1;HSPA4L;DNAJC12;ALDH3B1;DUSP2;ZFP36;LAMC2;CDH1;MEST;TNNC1;PDCD4;RPS6KA2;CISH;CPE;FOXC1;NRIP1;ACOX2;ST6GALNAC2
40,prerank,Cholesterol Homeostasis,0.2697778105208245,1.0389053255863017,0.37209302325581395,0.41816773374647676,0.944,25/61,20.62%,FABP5;ERRFI1;GLDC;ACAT2;PLAUR;EBP;CLU;FASN;TNFRSF12A;CYP51A1;HSD17B7;FDFT1;HMGCR;SCD;FADS2;DHCR7;FDPS;PMVK;ALCAM;STARD4;HMGCS1;IDI1;CHKA;MVD;SQLE
41,prerank,Oxidative Phosphorylation,0.21562808586695711,0.9859440405759453,0.5268817204301075,0.5237546365306618,0.976,55/181,26.03%,ATP1B1;NDUFB6;MRPL35;COX17;COX7A2;ATP6V0B;NDUFA8;TIMM50;TIMM8B;NDUFS2;TIMM10;FXN;MDH2;ATP6V1D;IDH3A;SLC25A5;CYC1;MTRR;PMPCA;HTRA2;ATP6AP1;SLC25A12;NDUFB3;MTRF1;SLC25A4;ATP6V0C;HADHA;NDUFA9;RHOT1;IDH3G;SUCLA2;RETSAT;MRPL15;AIFM1;IDH3B;VDAC3;PDHB;CS;MPC1;HSPA9;TIMM13;LDHB;PDHA1;ATP6V1H;COX11;MRPS15;NDUFS3;HSD17B10;RHOT2;COX10;TIMM17A;VDAC2;UQCRFS1;SLC25A11;COX8A
42,prerank,Spermatogenesis,-0.30358894019118654,-0.9657405251369111,0.524390243902439,0.648680162050303,1.0,11/66,7.38%,SLC2A5;SPATA6;IL13RA2;HSPA1L;ACE;HSPA2;CCT6B;GSTM3;SCG5;HSPA4L;MAP7
43,prerank,Reactive Oxygen Species Pathway,-0.3189151640301873,-0.9363218524284741,0.5759233926128591,0.6886065743889396,1.0,8/42,10.27%,HHEX;JUNB;MBP;GPX4;SBNO2;SOD2;ABCC1;FTL
44,prerank,Apical Junction,-0.2581407023510897,-0.8986563661201531,0.6747404844290658,0.7471544954105762,1.0,17/146,10.04%,VCAM1;ICAM1;SORBS3;ITGB4;LAMA3;CDH8;ARHGEF6;MDK;ADAMTS5;ACTG2;CLDN11;TNFRSF11B;LAMC2;CDH1;NRXN2;VCL;EXOC4
45,prerank,Unfolded Protein Response,-0.26396927745255766,-0.8905448702503913,0.6773428232502966,0.7401500910005269,1.0,12/106,12.03%,ATF3;CCL2;DDIT4;IFIT1;PSAT1;ASNS;CHAC1;VEGFA;CEBPB;IGFBP1;NFYB;MTHFD2
46,prerank,Wnt-beta Catenin Signaling,-0.300212639281881,-0.8457644051526945,0.6915492957746479,0.8005470191159161,1.0,9/33,19.64%,JAG2;JAG1;PTCH1;AXIN2;DLL1;FRAT1;DVL2;GNAI1;NOTCH1
47,prerank,Pperoxisome,-0.24032095444635504,-0.7867741854563777,0.8225214198286414,0.8740558343170594,1.0,7/79,8.97%,ALDH1A1;DHRS3;HSD11B2;CEL;SEMA3C;SOD2;CRABP2
48,prerank,Fatty Acid Metabolism,-0.21827625549506954,-0.7528597886240098,0.8903803131991052,0.8919249006178457,1.0,15/126,13.76%,INMT;ALDH1A1;ACSS1;UBE2L6;CEL;CD36;PSME1;PTPRG;ECI1;S100A10;EPHX1;ACADS;ALDOA;PCBD1;HSD17B11
49,prerank,Protein Secretion,0.1688387941234012,0.6974681828514776,0.9944444444444445,0.9685755884494055,1.0,26/89,25.06%,TSPAN8;OCRL;CLCN3;YKT6;CLTC;TMED2;CAV2;RAB22A;ZW10;RER1;LMAN1;RAB14;GBF1;COG2;GLA;GOLGA4;ATP6V1H;SCAMP3;ANP32E;ARCN1;ARF1;PPT1;ARFGEF1;GOSR2;AP2M1;COPE
